"search_phrase","count","Explict"
"[PRNHUB.COM","2","1"
"2 GIRLS ONE CUP","2","1"
"321 SEXCHAT","2","1"
"A DICK TOO BIG FOR GRANNY","2","1"
"ACCIDENTALLY CREAMPIE","2","1"
"ADULT CHAT ROOMS","2","1"
"ADULT TOYS FOR MEN","2","1"
"ADULT TUBE VIDEOS","2","1"
"ADULTDVDEMPIRE","2","1"
"ADULTGAMES","2","1"
"ADULTSEARCH","2","1"
"ADULTTIME","2","1"
"ADULTTIME.COM","2","1"
"ALINITY ONLYFANS","2","1"
"ALLGIRLMASSAGE","2","1"
"AMATEUR CUMSHOTS","2","1"
"AMATEUR HANDJOBS","2","1"
"AMATEUR ORGY","2","1"
"AMATURE SWINGERS","2","1"
"ANIME BOOB","2","1"
"ANIME COWGIRL","2","1"
"ANIME DICK","2","1"
"ANIME FEET","2","1"
"ANIME HALF MONSTER GIRL","2","1"
"ANIMEIDHENTAI","2","1"
"ANIMOPRON","2","1"
"ASIAN CUNT","2","1"
"ASIAN DOLL TWERK","2","1"
"ASIAN MASSAGE HAPPY ENDING","2","1"
"ASIAN SLURS","2","1"
"ASSHOLES","2","1"
"AUSTINWHITE ONLYFANS","2","1"
"AVERAGE DICK SIZE","2","1"
"AWKWARD MASSAGE BONER","2","1"
"BADDIEHUB COM","2","1"
"BADDIEHUB.COM","2","1"
"BANGBROSBLACKPORN","2","1"
"BBC CUCKOLD","2","1"
"BBW MEANING","2","1"
"BBW PANTYHOSE","2","1"
"BBW TEENS","2","1"
"BBW THREESOME","2","1"
"BBWC","2","1"
"BDSMTEST","2","1"
"BEAUTIFUL MATURE OLDER WOMEN","2","1"
"BEST BLOW JOB","2","1"
"BEST DICK SUCKER IN THE WORLD","2","1"
"BEST GORE","2","1"
"BESTGORE","2","1"
"BIG BOOB TAN MILFS","2","1"
"BIG BOOBIES","2","1"
"BIG BOOTY LATINA","2","1"
"BIG BOOTY LATINAS","2","1"
"BIG DICK SHEMALE","2","1"
"BIG TIT WOMEN","2","1"
"BIG WHITE DICK","2","1"
"BIGGEST DICK","2","1"
"BITCHES","2","1"
"BLACK MOM IN BIKINI","2","1"
"BLACK WOMEN","2","1"
"BLACKED BOORU","2","1"
"BLACKED CHEATING","2","1"
"BLACKED.COM","2","1"
"BLACKEDRAW.COM","2","1"
"BLACKSONBLONDES","2","1"
"BLONDES","2","1"
"BOOBA SHOW","2","1"
"BOOBES","2","1"
"BOOBIESS NO BRA","2","1"
"BOOTY UCBCB 1","2","1"
"BOOTYLICIOUS MEANING","2","1"
"BRAZZERS.COM","2","1"
"BREED","2","1"
"BREED ME","2","1"
"BREEDING","2","1"
"BREEDING KINK","2","1"
"BUKKAKKE","2","1"
"BUKKIT BROWN ONLYFANS LEAKS","2","1"
"BULLSHIT UCBCB 1","2","1"
"BUSTY BBW HAIRY MATURE","2","1"
"BUSTY MATURE","2","1"
"BUTCH LESBIAN","2","1"
"CHEATING CREAMPIE","2","1"
"CLASSIC VINTAGE INTERRACIAL","2","1"
"COCAINEBEAR","2","1"
"COUGAR","2","1"
"COUGARS","2","1"
"COUPLES JERKING OFF COMPILATION","2","1"
"CREAMPIE COMPILATION BEAUTIFUL WOMEN","2","1"
"CREAMPIES","2","1"
"CUCKHOLD","2","1"
"CUCKOLD COUPLES","2","1"
"CUCKOLD HUSBANDS","2","1"
"CUCKOLD TUBES","2","1"
"CUCKOLD WIFE TALKING TO HER HUSBAND","2","1"
"CUCKOLD WORD MEANING","2","1"
"CUMONPRINTEDPICS","2","1"
"CUNT CLOSE UP","2","1"
"CUNT EMPIRE","2","1"
"CUNT MEANING","2","1"
"CUNTEMPIRE","2","1"
"DADDY DICK","2","1"
"DAISYWILL ONLYFANS","2","1"
"DARKYNSFW","2","1"
"DEEP PENETRATION","2","1"
"DEEP THROAT MOVIE","2","1"
"DEEPER.COM","2","1"
"DIARY OF A PERVERT PHOTOGRAPHER","2","1"
"DICK GIF","2","1"
"DICK IN BUT","2","1"
"DICK PICS","2","1"
"DICK RIDING","2","1"
"DICK SUCKING","2","1"
"DICK TRICKLE","2","1"
"DICKCISSEL","2","1"
"DILF","2","1"
"DOG LICKING GIRL","2","1"
"DONKEY DICK BALLS DEEP IN WOMAN","2","1"
"DP CREAMPIE SAME TIME","2","1"
"DP ORGY","2","1"
"DRAFTSEX","2","1"
"DREAM TRANNY","2","1"
"EAT MY CUNT","2","1"
"EBONY FACIAL COMPILATION","2","1"
"EBONY TEEN","2","1"
"EHENTAIGALLERY","2","1"
"ERO","2","1"
"EROME COM","2","1"
"EROTICMONKEY","2","1"
"EROTIK.COM","2","1"
"EXTREME DIRTY TALK","2","1"
"EXTREME GAY CREAMPIE","2","1"
"EXTREME VIOLENCE","2","1"
"EXTREME VIOLENCE MOD SIMS 4 DOWNLOAD","2","1"
"EXTREME VIOLENCE SIMS 4","2","1"
"FACIAL","2","1"
"FAG","2","1"
"FAKEHUB","2","1"
"FANTASYGURU","2","1"
"FAT ASSES","2","1"
"FEETFINDR","2","1"
"FEMALE PEDOPHILE","2","1"
"FEMBOY ANIME","2","1"
"FEMBOY CLOTHING","2","1"
"FEMBOY MEANING","2","1"
"FEMBOY PFP","2","1"
"FEMBOY R34","2","1"
"FEMBOY RULE 34","2","1"
"FETISHES","2","1"
"FLASHING SQUIRTING","2","1"
"FOOT BINDING","2","1"
"FOOTJOB","2","1"
"FREE ADULT CHAT","2","1"
"FREE ADULT FULL MOVIES","2","1"
"FREE OVERLAYS","2","1"
"FREE P","2","1"
"FREEPORN.COM","2","1"
"FRIEND SCREWS MY HUSBAND","2","1"
"FRIEND SEES MY DICK","2","1"
"FUCKBOOK","2","1"
"FUCKERMAN","2","1"
"FUCKNITE","2","1"
"FURRYBOORU","2","1"
"FUTANARI.XXX","2","1"
"GAY BLACK","2","1"
"GAY BLOWJOBS","2","1"
"GAY CHAT ROOMS","2","1"
"GAY CHAT ROOMS IRELAND","2","1"
"GAY FURRY YIFF","2","1"
"GAY GAMES","2","1"
"GAY GIF","2","1"
"GAY GLORY HOLE","2","1"
"GAY MAN","2","1"
"GAY MEN CRUISING IN THEATER FOR ADULTS","2","1"
"GAY MONKEYS","2","1"
"GAY THREESOME","2","1"
"GAYMALETUBE COM","2","1"
"GAYTUBE","2","1"
"GENTLE FEMDOM","2","1"
"GENTLYPERV","2","1"
"GILFS","2","1"
"GIRL FEET","2","1"
"GIRL GIRL SCENE","2","1"
"GIRLS GIVING BLOWJOBS","2","1"
"GIRLS KISSING","2","1"
"GIRLS PLANET 999","2","1"
"GIRLS POOPING","2","1"
"GIRLSDOPORN","2","1"
"GLORY HOLE CUMSHOTS","2","1"
"GLORYHOLE","2","1"
"GLORYHOLE COMPILATION","2","1"
"GLORYHOLES","2","1"
"GO PISS GIRL","2","1"
"GOODPORN","2","1"
"GORE HOT VIRGIN TEEN MASSAGED","2","1"
"GORETUBE","2","1"
"GRANNY BBC","2","1"
"GRANNY BLOWJOBS","2","1"
"GRANNY DOWNLOAD","2","1"
"GRANNY TUBES","2","1"
"GRANNY UCBCB 1","2","1"
"GREAT GILF","2","1"
"GUYS JERKING OFF TOGETHER","2","1"
"HAIRY BLONDE GRANNY","2","1"
"HAMSTER ADULTERY VIDEOS","2","1"
"HAMSTERX","2","1"
"HAND JOB","2","1"
"HDPORNCOMIC","2","1"
"HENTAI2READ","2","1"
"HENTAIDUDE","2","1"
"HENTAIED","2","1"
"HENTAISTREAM","2","1"
"HENTEI","2","1"
"HENTIA HAVEN","2","1"
"HENTIA MONSTER","2","1"
"HOMEMADE JERKING IN FRONT OF","2","1"
"HOMEMADE MATURE SOLO ORGASM","2","1"
"HOMEMADE SHEMALE CREAMPIES GUY","2","1"
"HOT ASIAN GUYS","2","1"
"HOT BABES","2","1"
"HOT BLONDE","2","1"
"HOT CUTE SHEMALES","2","1"
"HOT GRANNY","2","1"
"HOT GUYS","2","1"
"HOT LESBIANS","2","1"
"HOT MOMS","2","1"
"HOT TEENS","2","1"
"HOT TWINKS","2","1"
"HOT WIFE","2","1"
"HOT WIFE RIO","2","1"
"HOT WIFE WITH LOVER","2","1"
"HOT WOMAN GETTING RAPPED","2","1"
"HOTTEST WOMEN","2","1"
"HOTTIES","2","1"
"HOTTOPIC.COM","2","1"
"HOTWIFE TOUR","2","1"
"HOTWIFEEXPERIENCE","2","1"
"HOW TO BUILD A BOMB","2","1"
"HOW TO SELL FEET PICS","2","1"
"HUBPORN","2","1"
"HUGE CUMSHOT","2","1"
"HUGE DICK LADYBOY","2","1"
"HUGE ORGY","2","1"
"HUGE SHEMALE","2","1"
"HUSBAND JERKS BEFORE PUTTING ON SPEEDO","2","1"
"HYPERSEXUALITY","2","1"
"I WATCHED MY WIFE GET CREAMPIED","2","1"
"ICE SPICE BIG BOOTY","2","1"
"ICE SPICE BOOTY","2","1"
"ICE SPICE LEAK","2","1"
"INBREEDING","2","1"
"INTERRACIAL","2","1"
"INTERRACIAL BLOWBANG","2","1"
"INTERRACIAL PASS","2","1"
"IPOSTNAKED","2","1"
"IS THAT DICK GOOD","2","1"
"ISHOWSPEED DICK","2","1"
"ISHOWSPEED FLASH VIDEO","2","1"
"IWANK","2","1"
"JAILBAIT FORUMS","2","1"
"JAILBATE STREAMS","2","1"
"JAPANESE GIRL POOPING","2","1"
"JAV SHEMALE","2","1"
"JERK MATE","2","1"
"JERK OFF","2","1"
"JERK OFF CHALLENGE","2","1"
"JERK SONG","2","1"
"JERKING OFF ON OMEGLE","2","1"
"JERKMATE LOGIN","2","1"
"JERKMATE.COM","2","1"
"JERKMATE.COM VIA MICROSOFT EDGE","2","1"
"JIZZ INITIATION AT POOL","2","1"
"JIZZ ON MY SWIMSUIT","2","1"
"JIZZ SPLATTER INITIATION","2","1"
"KINK BMX","2","1"
"KINK TEST","2","1"
"KINKOS","2","1"
"KINKS MEANING","2","1"
"KINKY QUESTIONS TO ASK YOUR SPOUSE","2","1"
"KINKYMATION","2","1"
"KISS X SIS","2","1"
"LARGEPORN","2","1"
"LARGEST CUMSHOT","2","1"
"LEAKED ONLYFANS","2","1"
"LEAKED UCBCB 1","2","1"
"LEAKEDZONE","2","1"
"LEAKS","2","1"
"LESBIAN FACESITTING","2","1"
"LESBIAN FIRST TIME","2","1"
"LESBIAN MOM","2","1"
"LESBIAN NURSE SEDUCES PATIENT","2","1"
"LESBIAN ORGY","2","1"
"LESBIAN ROMANCE","2","1"
"LESBIAN SCENE","2","1"
"LESBIAN SECRETARY SEDUCTION","2","1"
"LESBIAN SEDUCTION FULL MOVIE","2","1"
"LESBIAN SEXUALITY TEST","2","1"
"LESBIAN STRAPON","2","1"
"LESBIAN TEACHER STRAP ON","2","1"
"LESBIAN TITTIES","2","1"
"LESBIAN VIDEOS","2","1"
"LESBIANX","2","1"
"LIMP DICK","2","1"
"LOW HANGING BALLS","2","1"
"LOW HUNG BALLS","2","1"
"MALE G SPOT","2","1"
"MALE MASTUBATOR","2","1"
"MALES MASTURBATING EACH OTHER","2","1"
"MAN DIES AT SPANISH BULL FESTIVAL","2","1"
"MAN HOLDING GUN","2","1"
"MAN WITH TWO PENISES","2","1"
"MARKIPLIER ONLYFANS","2","1"
"MASSAGE SITE XVIDEOS.COM","2","1"
"MASSAGE WITH HAPPY ENDING","2","1"
"MASSIVE CREAMPIE","2","1"
"MASTURBATING WITH MOMMY","2","1"
"MAT6TUBE","2","1"
"MATURE BLOWJOBS","2","1"
"MATURE HANDJOBS","2","1"
"MATURE NUDISTS","2","1"
"MATURE QUALITY SINGLES","2","1"
"MATURE SOLO ORGASM","2","1"
"MATURE TIT FLASH","2","1"
"MEETANDFUCK","2","1"
"MEN MASTURBATING","2","1"
"MEWSLUT","2","1"
"MEWSLUT ONLYFANS","2","1"
"MIDGET CREAMPIE","2","1"
"MILF.COM","2","1"
"MILFBREEDER DOWNLOAD","2","1"
"MILFED","2","1"
"MILFINHEE","2","1"
"MILFINHEELS NYLONS","2","1"
"MILFMOVS","2","1"
"MILFROOM","2","1"
"MILFS UNDRESS GUYS","2","1"
"MILFY CITY MOD","2","1"
"MILKING","2","1"
"MOM CREAMPIE","2","1"
"MOM POV","2","1"
"MOMMY BLOWS BEST","2","1"
"MOMMY CUMS FOR YOU","2","1"
"MUCHOHENTAI","2","1"
"MYHENTAI","2","1"
"NAMETHATPORN","2","1"
"NAZI BELIEFS","2","1"
"NAZI HAT","2","1"
"NEO NAZI","2","1"
"NIGGER NIGGER NIGGER","2","1"
"NIGGERHEAD","2","1"
"NUDESTIX NUDIES","2","1"
"OHENTAI","2","1"
"ONION BOOTY","2","1"
"ONLYFAN","2","1"
"ONLYFANS COM","2","1"
"ONLYFANS DOWNLOADER CHROME","2","1"
"ONLYFANS LOGO","2","1"
"ONLYFANS MODELS","2","1"
"ONLYFANS SEARCH","2","1"
"ONLYFANS STOCK","2","1"
"ORGASM","2","1"
"ORN HUB","2","1"
"PBTEEN","2","1"
"PEGGING","2","1"
"PENISES","2","1"
"PERNHUB","2","1"
"PERVERT","2","1"
"PERVERTED","2","1"
"PERVSTEPMOM","2","1"
"PHUBBING","2","1"
"PINKYDOLL ONLYFANS LEAKS","2","1"
"PINOY TAMBAYAN","2","1"
"PLEASE CREAMPIE ME AT POOL","2","1"
"POOP IMAGE","2","1"
"POORNHUB","2","1"
"POR HUB","2","1"
"PORHHUB","2","1"
"PORN]","2","1"
"PORN0","2","1"
"PORNDOE","2","1"
"PORNGAME","2","1"
"PORNHD","2","1"
"PORNHGUB","2","1"
"PORNHUB.","2","1"
"PORNHUB.COMM","2","1"
"PORNHUB.CON","2","1"
"PORNHUB.XOM","2","1"
"PORNHUBB","2","1"
"PORNHYUB","2","1"
"PORNMOVIE","2","1"
"PORNMOVIES","2","1"
"PORNMZ","2","1"
"PORNN","2","1"
"PORNNHUB","2","1"
"PORNPICS.COM","2","1"
"PORNPORN","2","1"
"PORNSHIP","2","1"
"PORNSOS","2","1"
"PORNVIDEOS","2","1"
"PORNWILD","2","1"
"PORNXP","2","1"
"PORRN HUB","2","1"
"POV FOOTJOB","2","1"
"PRAISE KINK","2","1"
"PRETEEN MOD","2","1"
"PRETEEN MODELS","2","1"
"PRETEEN NN MODEL  TOPLIST","2","1"
"PRETEND","2","1"
"PRETEND PLAY","2","1"
"PRETEND PLAY UCBCB 1","2","1"
"PRETTY WOMEN BLOWJOBS","2","1"
"PROTHOTS","2","1"
"PULSATING CUMSHOT","2","1"
"PUTLOCKER.IS","2","1"
"RACIAL SLUR DATABASE","2","1"
"RACISM DEFINITION","2","1"
"RACIST","2","1"
"RACIST HUMOR","2","1"
"RACIST PEOPLE","2","1"
"RACIST UCBCB 1","2","1"
"RAINING BITCHES AND WHORES","2","1"
"RAPELUST","2","1"
"RARE AMATEUR INTERRACIAL CREAMPIE","2","1"
"REAL GORE","2","1"
"REALLIFECAM.COM","2","1"
"REALLY NIGGA","2","1"
"REAR HUB","2","1"
"REDTUBE.","2","1"
"RELUCTANT LESBIAN HOUSEWIFE","2","1"
"REVERSE COWGIRL COMPILATION","2","1"
"RULE 34 ANIMATED","2","1"
"RULE 34 COMIC","2","1"
"RULE 34 ONE PIECE","2","1"
"RULE 34 PAHEAL","2","1"
"RULE 34 US","2","1"
"RULE 34 VIDEOS","2","1"
"RULE 34 WEB","2","1"
"RULE3","2","1"
"RULE34 FUTA","2","1"
"RULE34]","2","1"
"RULE343","2","1"
"RULE34US","2","1"
"RULE34VIDE","2","1"
"RULE34WORLD","2","1"
"RULE34XXX","2","1"
"RUSSIAN GIRLS","2","1"
"RUSSIAN PRETEEN MODELS","2","1"
"SCHOOL BREEDING ORGY","2","1"
"SEXCHAT","2","1"
"SEXDOLL","2","1"
"SEXMOD","2","1"
"SEXSTORIES","2","1"
"SEXTANT","2","1"
"SEXTORTION MEANING","2","1"
"SEXTPANTHER","2","1"
"SEXTUBE","2","1"
"SEXUAL INTERCOURSE","2","1"
"SEXUAL PLEASURE TOOLS FOR WOMEN","2","1"
"SEXYFUCKGAMES","2","1"
"SHARING BED WITH STEPMOM","2","1"
"SHEMALE CUMMING","2","1"
"SHEMALE CUMMING GIFS","2","1"
"SHEMALE ON SHEMALE","2","1"
"SHEMALEPORN","2","1"
"SHEMALES CUMMING","2","1"
"SHIT POST","2","1"
"SHITPOST","2","1"
"SIDEBOOB","2","1"
"SLEEPOVER SLEUTHS","2","1"
"SLOW DICK SUCKING","2","1"
"SLUTBOT","2","1"
"SNAPCHAT SEXTING","2","1"
"SNEAKY CHEATING CREAMPIE","2","1"
"SPAMKBANG","2","1"
"SPANBANG","2","1"
"SPANKING","2","1"
"SPANKINGTUBE","2","1"
"SPARKBANG","2","1"
"SPOTTED DICK","2","1"
"SQUIRT.ORG","2","1"
"SSBBW","2","1"
"STEPMOM","2","1"
"STEPMOMS","2","1"
"STEPSISTER","2","1"
"STRAIGHT GUY FIRST TIME GAY","2","1"
"STRAIGHT OLD GUY JERK CIRCLE","2","1"
"STRIP GAMES","2","1"
"STRIP GAMES LOSER CREAMPIED","2","1"
"STRIP HUMILIATION","2","1"
"STRIPCHAT.COM","2","1"
"SUCK A NIGGA DICK","2","1"
"SUCKING TOES","2","1"
"SUPER DEEP THROAT GAME","2","1"
"SUPER DEEPTHROAT","2","1"
"SWIM TEAM COVERS SWIMSUIT GIRL WITH JIZZ","2","1"
"SXYPORN","2","1"
"TEEN  SCREAMING ORGASM","2","1"
"TEEN BIKINIS","2","1"
"TEEN BLOWJOBS","2","1"
"TEEN CHAT ROOMS","2","1"
"TEEN CREAMPIE COMPILATION","2","1"
"TEEN CUMSHOTS","2","1"
"TEEN GIRLS","2","1"
"TEEN NUDISTS","2","1"
"TEEN PREGNANCY","2","1"
"TEEN PREGNANCY MOD","2","1"
"THICK","2","1"
"THICK ASIAN","2","1"
"THICK THIGHS","2","1"
"THICK THIGHS SAVE LIVES","2","1"
"THICK WOMEN","2","1"
"THICKASSDAPHNE","2","1"
"THREESOME 1994","2","1"
"THREESOMES","2","1"
"THROAT","2","1"
"THROATPIE","2","1"
"TIKTOKXXX","2","1"
"TINY DICK","2","1"
"TITTY DROP","2","1"
"TITTYS","2","1"
"TOPLESS COEDS","2","1"
"TOPLESS WOMAN","2","1"
"TRAILER TRASH LESBIANS","2","1"
"TRANNYVIDEOSX","2","1"
"TUBE.COM","2","1"
"TUSHY.","2","1"
"TUSHYRAW","2","1"
"UNDERBOOB","2","1"
"USASEXGUIDES","2","1"
"VERY AMATEUR THREESOME","2","1"
"VERY HOT LOVE","2","1"
"VINTAGE HAIRY OLDER WOMEN","2","1"
"VINTAGE REAL LESBIANS","2","1"
"VIPERGIRLS","2","1"
"VIRGIN HAIR","2","1"
"WAIFUMIA ONLYFANS","2","1"
"WAIFUMIA ONLYFANS LEAKS","2","1"
"WATCHED MASTURBATING","2","1"
"WETPUSSY GAMES","2","1"
"WHAT DOES BBW MEAN","2","1"
"WHAT DOES CUCK MEAN","2","1"
"WINNER GETS CREAMPIE","2","1"
"WOMAN WALKING IN HEELSXX","2","1"
"WOMEN IN LINGERIE","2","1"
"WORLDSEX","2","1"
"WWW XHAMSTER.COM","2","1"
"WWW.GAYMALETUBE.COM","2","1"
"WWW.PORNHUB COM","2","1"
"WWW.XHAMSTER","2","1"
"WWW.XHANTER.COM","2","1"
"WWW.XNXX.XOM","2","1"
"WWW.XVIDEO.COM","2","1"
"WWW.XVIDMOVIES.COM","2","1"
"WWW.XVIOES.COM","2","1"
"WWW.YOUPORN","2","1"
"WWW.YOUPORN.COM","2","1"
"X XX","2","1"
"XHAMPSER","2","1"
"XHAMSSTER","2","1"
"XHAMSTER LIVE","2","1"
"XHAMSTER.","2","1"
"XHAMSTER.C","2","1"
"XHAMSTERS","2","1"
"XHMASTER","2","1"
"XMOVIE","2","1"
"XMXX.COM","2","1"
"XNVIEW","2","1"
"XNXX.","2","1"
"XNXX. COM","2","1"
"XNXX.CO","2","1"
"XNXX.COMM","2","1"
"XNXX.VOM","2","1"
"XNXXCOM","2","1"
"XVEDIO","2","1"
"XVID VIDEO","2","1"
"XVIDEOES","2","1"
"XVIDEOOS","2","1"
"XVIDEOS FEN","2","1"
"XVIDEOS IPAD BM","2","1"
"XVIDEOS RED","2","1"
"XVIDEOS.","2","1"
"XVIDEP","2","1"
"XVIDEPS","2","1"
"XVIDEUS","2","1"
"XVIDIO","2","1"
"XVIDOE","2","1"
"XVIEO","2","1"
"XXHAMSTER","2","1"
"XXHASH","2","1"
"XXVIDEOSTUDIO.VIDEO EDITOR APP IOS","2","1"
"XXVIDOES","2","1"
"XXX.","2","1"
"XXXOE","2","1"
"XXXPORN","2","1"
"XXXVIDOES","2","1"
"XXXVIDS","2","1"
"YOUJIZZZ","2","1"
"3D ADULT GAMES","3","1"
"ADULT DVD","3","1"
"ADULT TOY","3","1"
"ADULT VIDEOS","3","1"
"ADULTEMPIRE","3","1"
"ALIEN X VIDEOS","3","1"
"AMATEUR LESBIANS","3","1"
"AMATURE","3","1"
"ASHEMALE","3","1"
"ASHEMALETUBE","3","1"
"ASIAN GIRLS","3","1"
"BADDIESHUB","3","1"
"BANG BUS","3","1"
"BANGCHAN","3","1"
"BEAUTIFUL MATURE WOMEN CREAMPIES","3","1"
"BIG BOY","3","1"
"BISEXUAL THREESOME","3","1"
"BITCHESGIRLS","3","1"
"BLACK DICK","3","1"
"BLACK SHEMALE","3","1"
"BLACKED RAW","3","1"
"BLOWJOBS","3","1"
"BUKKAKE","3","1"
"CHATERBAIT","3","1"
"CHATERBATE.COM","3","1"
"CHILD PORNOGRAPHER SENTENCED","3","1"
"CLITORIS","3","1"
"CRAZYSHIT","3","1"
"CUCK","3","1"
"CUCKED","3","1"
"DOGGYSTYLE","3","1"
"E GIRL","3","1"
"EPONER","3","1"
"FACESITTING","3","1"
"FACIAL ABUSE","3","1"
"FAKE TAXI","3","1"
"FAT BOOTY","3","1"
"FEMDOM JOI","3","1"
"FEMJOY","3","1"
"FETISH","3","1"
"FISTING","3","1"
"FREE ADULT GAMES","3","1"
"FREE ONLY FANS","3","1"
"FUDDRUCKERS","3","1"
"FULL PORNER","3","1"
"FURRY YIFF","3","1"
"GAY CHAT","3","1"
"GAY FISTING","3","1"
"GAY VIDEOS","3","1"
"GIRLS PEEING","3","1"
"GOLDEN SHOWER","3","1"
"GORE UCBCB 1","3","1"
"GORE VIDEOS","3","1"
"GOREBOX","3","1"
"HDPORN","3","1"
"HENTAIMAMA","3","1"
"HENTAIPLAY","3","1"
"HENTAISEA","3","1"
"HOMEMOVIESTUBE","3","1"
"HOT LATINAS","3","1"
"HOW TO SUCK YOUR OWN DICK","3","1"
"ICE SPICE LEAKED","3","1"
"ICE SPICE LEAKS","3","1"
"ICE SPICE TWERKING","3","1"
"ISHOWSPEED FLASH","3","1"
"JAPANESE LESBIAN","3","1"
"JAV GURU","3","1"
"JIZZ","3","1"
"KINKAJOU","3","1"
"LESBIAN KISSING","3","1"
"LESION","3","1"
"LIVEME","3","1"
"LOVING V VIRGINIA","3","1"
"MALE MASTERBURTERS BEST SELLER","3","1"
"MAN HELD WIFE CAPTIVE","3","1"
"MASSAGE HAPPY ENDING","3","1"
"MASTURBATING","3","1"
"MATURE SEXUAL BEHAVIOR","3","1"
"MATUREPORN","3","1"
"MATURETUBE.COM","3","1"
"MEN KISSING","3","1"
"MILFINH","3","1"
"MILFINHEEL","3","1"
"MILFINHEELS","3","1"
"MILFX","3","1"
"MILFY","3","1"
"MILFZR","3","1"
"MYPERVYFAMILY","3","1"
"MYSEXGAMES","3","1"
"NAZI FLAG","3","1"
"NAZI GERMANY","3","1"
"NAZI SYMBOL","3","1"
"NIGGAS","3","1"
"NIGGERSAURUS REX","3","1"
"OLDER WOMEN","3","1"
"ONLYFANS APP","3","1"
"ONLYFANS LEAK","3","1"
"ONLYFANS LEAKED","3","1"
"ORNHUB","3","1"
"P HUB","3","1"
"PORNGAMEHUB","3","1"
"PORNGUB","3","1"
"PORNHAT","3","1"
"PORNHIB","3","1"
"PORNHUYB","3","1"
"PORNM","3","1"
"PORNPIC","3","1"
"PORNWORLD","3","1"
"PPORN","3","1"
"PRETEEN  NN MODEL TOPLIST","3","1"
"PRNHUB","3","1"
"PURNHUB","3","1"
"REAR","3","1"
"REDPORN","3","1"
"REVERSE COWGIRL","3","1"
"RULE 34 GAY","3","1"
"SERVING CUNT","3","1"
"SEXLAB","3","1"
"SEXMEX","3","1"
"SEXMEX.COM","3","1"
"SEXTING","3","1"
"SEXUAL MASSAGE","3","1"
"SEXVIDEOS","3","1"
"SHITPOST UCBCB 1","3","1"
"SLUTLOAD","3","1"
"SPANK BANK","3","1"
"TEEN BIKINI","3","1"
"THREESOME","3","1"
"THROATED","3","1"
"TITTES","3","1"
"TOUCH MY WIFE","3","1"
"TRANNY ONE","3","1"
"TRANNY ORGY","3","1"
"TUBEGALOR","3","1"
"TUBEPORNSTAR","3","1"
"VOYEURHIT","3","1"
"VOYEURISM","3","1"
"WHAT DOES CUNT MEAN","3","1"
"WOMAN MASTURBATING","3","1"
"WWW.XHAMSTER COM","3","1"
"WWW.XNXX","3","1"
"WWW.XVIDEOS","3","1"
"X X X","3","1"
"XHAMSTER VIDEOS","3","1"
"XHAMSTERLIVE","3","1"
"XHMSTER","3","1"
"XNNX.COM","3","1"
"XNXX.C","3","1"
"XNXXPORN","3","1"
"XVIDEO GAY","3","1"
"XVIDEOS GAY","3","1"
"XVIDES","3","1"
"XVIDOS","3","1"
"XVIEDOS","3","1"
"XVVIDEOS","3","1"
"XXNX.COM","3","1"
"XXXN","3","1"
"XXXVIDEOS.COM","3","1"
"YESPORNPLEASE","3","1"
"YOUJIZ","3","1"
"ZOOPORN","3","1"
"ZOOSEX","3","1"
"ADULT ENTERTAINMENT CLUB","4","1"
"ADULTERY","4","1"
"ALLPORNCOMICS","4","1"
"AMATURES GONE WILD","4","1"
"ARMATURE","4","1"
"BANG BROS","4","1"
"BIG BLACK DICK","4","1"
"BLACKEDRAW","4","1"
"CAMILLA ARAUJO ONLYFANS","4","1"
"CORN HUB","4","1"
"COUGARWEB","4","1"
"CREAMPIE COMPILATION","4","1"
"CUCKOLD JOI","4","1"
"CUCKOLD WIFE","4","1"
"CUNT","4","1"
"DEEPTHROAT","4","1"
"EROTHOT","4","1"
"EXTREME INJECTOR","4","1"
"FAGGOT","4","1"
"FEMBOY HOOTERS","4","1"
"FREE ADULT MOVIES","4","1"
"FREE ONLYFANS","4","1"
"FREESEX","4","1"
"FURRYS","4","1"
"GIRLCUM","4","1"
"GIRLS CUMMING","4","1"
"GIRLS MASTURBATING","4","1"
"HAMSTERPORN","4","1"
"HANDJOBS","4","1"
"HAPPY ENDING MASSAGE","4","1"
"HARDCORE UCBCB 1","4","1"
"HARDX","4","1"
"HENTI GAMES","4","1"
"HOT ANIME GIRLS","4","1"
"HOT MEN","4","1"
"HYPERSEXUAL","4","1"
"LESBIANS","4","1"
"LITEROTICA.COM","4","1"
"LIVEGORE","4","1"
"MALE MASTURBATORS","4","1"
"MAN DIES AFTER EATING OYSTERS","4","1"
"MULTIPORN","4","1"
"MYHENTAICOMICS","4","1"
"NETVIDEOGIRLS","4","1"
"NHENTAI.NET","4","1"
"NIGGERS","4","1"
"NO BITCHES","4","1"
"PORNHHUB","4","1"
"PORNHUB.CO","4","1"
"PORNHUBCOM","4","1"
"PORNHUIB","4","1"
"PORNHYB","4","1"
"PORNOHUB","4","1"
"PORNONE","4","1"
"PPORNHUB","4","1"
"PUSS","4","1"
"PUTLOCKER MOVIES","4","1"
"REALITY KINGS","4","1"
"RULE34 WORLD","4","1"
"RULE34.XXX","4","1"
"SHEMALES","4","1"
"SQUIRTING","4","1"
"SUCKING DICK","4","1"
"SUPER DEEPTHROAT GAME","4","1"
"TOPLESS","4","1"
"TRANNY","4","1"
"TUBEPORNSTARS","4","1"
"TUSHY","4","1"
"TUSHY.COM","4","1"
"UPORNIA","4","1"
"WWW.XHAMSTER.COM","4","1"
"XH","4","1"
"XHAMASTER","4","1"
"XHAMSTE","4","1"
"XHAMSTER COM","4","1"
"XHAMSTER GAY","4","1"
"XHAMTER","4","1"
"XHANSTER","4","1"
"XMOVIES","4","1"
"XMXX","4","1"
"XVIDEOS HISTORY","4","1"
"XVIDESO","4","1"
"XXVIDEO","4","1"
"XXXI VIDEO","4","1"
"YOU JIZZ","4","1"
"ADULT CHAT","5","1"
"ADULT MOVIES","5","1"
"AZNUDE","5","1"
"CUM4K","5","1"
"EARRAPE","5","1"
"EROME.COM","5","1"
"FOOT FETISH","5","1"
"GANG BANG","5","1"
"GAY MEN","5","1"
"GAYPORN","5","1"
"HDPORNCOMICS","5","1"
"HENTI HAVEN","5","1"
"HOT GIRL","5","1"
"HOT GIRLS","5","1"
"INDIANA MOM SHAKES HER INFANT TO DEATH","5","1"
"ISHOWSPEED SHOWS MEAT","5","1"
"IXXX.COM","5","1"
"JERKING OFF","5","1"
"KINK.COM","5","1"
"KINKS","5","1"
"LESBIAN SEDUCTION","5","1"
"LIVEJASMIN","5","1"
"LUST","5","1"
"MATURE WOMEN","5","1"
"MATURETUBE","5","1"
"PORNMD","5","1"
"PORNTREX","5","1"
"PORRNHUB","5","1"
"POTNHUB","5","1"
"PRETEND YOURE XYZZY","5","1"
"RULE 34 WORLD","5","1"
"SHEMALETUBE","5","1"
"SHIT","5","1"
"SXYPRN","5","1"
"TEEN BEACH MOVIE","5","1"
"THEPORNDUDE","5","1"
"THOTHUB","5","1"
"TRANNYONE","5","1"
"TUBE 8","5","1"
"VOYEURWEB","5","1"
"WETPUSSYGAMES","5","1"
"WOMEN MASTURBATING","5","1"
"XHAM","5","1"
"XHAMS","5","1"
"XHAMST","5","1"
"XMOVIES8","5","1"
"XVIEOS","5","1"
"2 GIRLS 1 CUP","6","1"
"ADULT EMPIRE","6","1"
"ADULT GAMES","6","1"
"ALLPORNCOMIC","6","1"
"BBW","6","1"
"BLOW JOBS","6","1"
"CAUGHT MASTURBATING","6","1"
"CUMMING","6","1"
"FULLPORNER","6","1"
"GAYMALETUBE","6","1"
"ISHOWSPEED MEAT","6","1"
"KINK","6","1"
"MAN DIES AFTER FALLING WHILE HIKING","6","1"
"MAN FILMED HIS OWN DROWNING","6","1"
"MAN FOUND DEAD AFTER CONCERT","6","1"
"PERVMOM","6","1"
"PORBHUB","6","1"
"PRN","6","1"
"PUTLOCKERS","6","1"
"RACIST JOKES","6","1"
"RULE34.XX","6","1"
"TEEN MODELS","6","1"
"VIRGIN","6","1"
"XNXX.XOM","6","1"
"XPORN","6","1"
"YOUJIZZ.COM","6","1"
"BIG DICK","7","1"
"BLOW JOB","7","1"
"CREAMPIE","7","1"
"CUMSHOTS","7","1"
"DEEP THROAT","7","1"
"EHENTAI","7","1"
"FEMBOYS","7","1"
"FEMDOM","7","1"
"GAY MALE TUBE","7","1"
"GLORY HOLE","7","1"
"MILFS","7","1"
"ORGY","7","1"
"PHUB","7","1"
"PONHUB","7","1"
"PORNHB","7","1"
"RACISM","7","1"
"SPANK","7","1"
"STRIP CLUB","7","1"
"TEEN STABBED OUTSIDE","7","1"
"UPORN","7","1"
"XNNX","7","1"
"XVIDE","7","1"
"BANGBUS","8","1"
"BIG BOOTY","8","1"
"BOOB","8","1"
"CUCKOLD","8","1"
"EROTHOTS","8","1"
"HOT WOMEN","8","1"
"MATURE","8","1"
"NAZI","8","1"
"NIGGARDLY","8","1"
"NUDEVISTA","8","1"
"PORNICHET","8","1"
"REALLIFECAM","8","1"
"XVIDS","8","1"
"XXXVIDEO","8","1"
"ADULT","9","1"
"ADULT TOYS","9","1"
"BOOTY","9","1"
"CUMSHOT COMPILATION","9","1"
"HENTAIFOX","9","1"
"HENTIA","9","1"
"HOTTOPIC","9","1"
"LEAKED","9","1"
"MAN DIES AFTER 40 FOOT DIVE","9","1"
"MATURE TUBE","9","1"
"NIGGA","9","1"
"POENHUB","9","1"
"RULE 34 VIDEO","9","1"
"RULE34 VIDEO","9","1"
"SEX.COM","9","1"
"SPANKBANK","9","1"
"WWW.XNXX.COM","9","1"
"BADDIE HUB","10","1"
"FEET FINDER","10","1"
"HENTI","10","1"
"IMHENTAI","10","1"
"LIVELEAK","10","1"
"NONUDE LITTLE","10","1"
"ONLYFANS.COM","10","1"
"REDTUBE.COM","10","1"
"RULE34VIDEO","10","1"
"WWW.XVIDEOS.COM","10","1"
"XVID","10","1"
"YOUNG GIRL WEBCAM","10","1"
"IXXX","11","1"
"JAV","11","1"
"MAN DROWNS AFTER RESCUING 2 CHILDREN","11","1"
"ONLYFANS LEAKS","11","1"
"TITTIES","11","1"
"XNX","11","1"
"XNXXX","11","1"
"XVIDEO.COM","11","1"
"XVIDEOS COM","11","1"
"BOOBIES","12","1"
"CORNHUB","12","1"
"SHEMALE","12","1"
"SPANKBANG.COM","12","1"
"X X","12","1"
"XN","12","1"
"XXVIDEOS","12","1"
"FURRY","13","1"
"TUBEGALORE","13","1"
"CONDOMS","14","1"
"GORE","14","1"
"KISSASIAN","14","1"
"LESBIAN","14","1"
"PRONHUB","14","1"
"BLACKED","15","1"
"FEETFINDER","15","1"
"PORNH","16","1"
"SPANK BANG","16","1"
"MULTPORN","17","1"
"PORMHUB","17","1"
"BADDIEHUB","19","1"
"XHAMPSTER","19","1"
"NIGGER","20","1"
"GRANNY","22","1"
"TUBE8","22","1"
"JERKMATE","23","1"
"DICK","24","1"
"XHAMSTER.COM","24","1"
"EROME","28","1"
"POOP","28","1"
"GAY","29","1"
"ONLYFANS SIGN IN","29","1"
"EPORNER","30","1"
"EXTREME VIOLENCE MOD SIMS 4","30","1"
"FEMBOY","31","1"
"XXNX","35","1"
"PUTLOCKER","39","1"
"XVIDEOS.COM","53","1"
"RULE34","75","1"
"XVIDEO","150","1"
"RULE 34","158","1"
"ONLYFANS","176","1"
"XHAMSTER","241","1"
"XVIDEOS","486","1"
